{
  "CatCNN_OOF": {
    "RMSE": 0.1526193555561355,
    "MAE": 0.11882912962455447,
    "Pearson": 0.8775766169854706,
    "AUROC": 0.8721264367816092,
    "AUPRC": 0.8667462176360495
  },
  "XGBoost_OOF": {
    "RMSE": 0.1785338129141889,
    "MAE": 0.12142152099999999,
    "Pearson": 0.705464725106357,
    "AUROC": 0.8276143790849674,
    "AUPRC": 0.7515240336190571
  }
}